{
  "experiment": 4,
  "n_observations": 16,
  "n_factors": 3,
  "factors": [
    "auction_type_coded",
    "objective_coded",
    "n_bidders_coded"
  ],
  "responses": {
    "mean_platform_revenue": {
      "r_squared": 0.6153231874906417,
      "adj_r_squared": 0.3588719791510695,
      "f_statistic": 2.399377220620775,
      "f_pvalue": 0.11481940981874335,
      "n_obs": 16,
      "coefficients": {
        "auction_type": {
          "estimate": 23.595817024288614,
          "std_err": 37.03285448104917,
          "t_value": 0.6371590133934533,
          "p_value": 0.5398886807499864
        },
        "objective": {
          "estimate": -51.38896053649455,
          "std_err": 37.03285448104917,
          "t_value": -1.3876586414042653,
          "p_value": 0.19863310211891302
        },
        "n_bidders": {
          "estimate": 54.71803296346952,
          "std_err": 37.032854481049164,
          "t_value": 1.4775537486982107,
          "p_value": 0.17364480840158378
        },
        "auction_type:objective": {
          "estimate": 63.23688775734992,
          "std_err": 37.03285448104916,
          "t_value": 1.7075888057646262,
          "p_value": 0.12189213021586799
        },
        "auction_type:n_bidders": {
          "estimate": -95.04508457325437,
          "std_err": 37.03285448104916,
          "t_value": -2.5665071165899955,
          "p_value": 0.03036127318279223
        },
        "objective:n_bidders": {
          "estimate": -22.78985800308302,
          "std_err": 37.032854481049164,
          "t_value": -0.6153956621071509,
          "p_value": 0.5535342768599227
        }
      }
    },
    "mean_liquid_welfare": {
      "r_squared": 0.5158580225034961,
      "adj_r_squared": 0.19309670417249347,
      "f_statistic": 1.5982647027561905,
      "f_pvalue": 0.2528553386505813,
      "n_obs": 16,
      "coefficients": {
        "auction_type": {
          "estimate": 44.23138470082496,
          "std_err": 21.63210641963245,
          "t_value": 2.0447100177300483,
          "p_value": 0.07122058944310371
        },
        "objective": {
          "estimate": -17.074184705480906,
          "std_err": 21.63210641963245,
          "t_value": -0.7892982945934959,
          "p_value": 0.45023002623059394
        },
        "n_bidders": {
          "estimate": 41.289914839121266,
          "std_err": 21.632106419632443,
          "t_value": 1.9087329748733195,
          "p_value": 0.08864115320691826
        },
        "auction_type:objective": {
          "estimate": 4.107162078526832,
          "std_err": 21.63210641963244,
          "t_value": 0.1898641768329752,
          "p_value": 0.853628738082743
        },
        "auction_type:n_bidders": {
          "estimate": -22.348708992397874,
          "std_err": 21.63210641963244,
          "t_value": -1.0331268050768776,
          "p_value": 0.32850650366319195
        },
        "objective:n_bidders": {
          "estimate": 4.2772747637513895,
          "std_err": 21.632106419632443,
          "t_value": 0.19772807514803573,
          "p_value": 0.8476515789120851
        }
      }
    },
    "mean_effective_poa": {
      "r_squared": 0.5092334865142396,
      "adj_r_squared": 0.182055810857066,
      "f_statistic": 1.5564432551560445,
      "f_pvalue": 0.26417513463821696,
      "n_obs": 16,
      "coefficients": {
        "auction_type": {
          "estimate": 0.006303287388559425,
          "std_err": 0.024058096322066437,
          "t_value": 0.26200274968464393,
          "p_value": 0.7992173188012319
        },
        "objective": {
          "estimate": -0.030222367009291075,
          "std_err": 0.024058096322066437,
          "t_value": -1.2562243747262196,
          "p_value": 0.24066267596489974
        },
        "n_bidders": {
          "estimate": 0.018303327914522723,
          "std_err": 0.024058096322066434,
          "t_value": 0.7607970169166979,
          "p_value": 0.46624254362538387
        },
        "auction_type:objective": {
          "estimate": 0.04192954964685458,
          "std_err": 0.02405809632206643,
          "t_value": 1.7428456967476764,
          "p_value": 0.1153341858247901
        },
        "auction_type:n_bidders": {
          "estimate": -0.046777074239458864,
          "std_err": 0.02405809632206643,
          "t_value": -1.9443381393628498,
          "p_value": 0.08372437288101789
        },
        "objective:n_bidders": {
          "estimate": -0.01306999978043761,
          "std_err": 0.024058096322066434,
          "t_value": -0.5432682455614585,
          "p_value": 0.6001400019589029
        }
      }
    },
    "mean_budget_utilization": {
      "r_squared": 0.4347385420538079,
      "adj_r_squared": 0.05789757008967977,
      "f_statistic": 1.1536392653588399,
      "f_pvalue": 0.4064451902422801,
      "n_obs": 16,
      "coefficients": {
        "auction_type": {
          "estimate": -0.10574677123237992,
          "std_err": 0.05426282563505585,
          "t_value": -1.9487885121128579,
          "p_value": 0.08312828672215103
        },
        "objective": {
          "estimate": 0.002056121395777634,
          "std_err": 0.05426282563505585,
          "t_value": 0.03789189692416794,
          "p_value": 0.9706010591229397
        },
        "n_bidders": {
          "estimate": -0.02906835398592616,
          "std_err": 0.05426282563505584,
          "t_value": -0.5356955456286984,
          "p_value": 0.6051523541121164
        },
        "auction_type:objective": {
          "estimate": 0.044267161804743334,
          "std_err": 0.05426282563505583,
          "t_value": 0.8157916821814948,
          "p_value": 0.43567729381716325
        },
        "auction_type:n_bidders": {
          "estimate": -0.07627810132083127,
          "std_err": 0.05426282563505583,
          "t_value": -1.405715615213977,
          "p_value": 0.19337839997164671
        },
        "objective:n_bidders": {
          "estimate": -0.023906513310458538,
          "std_err": 0.05426282563505584,
          "t_value": -0.4405688983327478,
          "p_value": 0.6699171757379347
        }
      }
    },
    "mean_bid_to_value": {
      "r_squared": 0.75136615471104,
      "adj_r_squared": 0.5856102578517333,
      "f_statistic": 4.532967869908111,
      "f_pvalue": 0.021661315740046424,
      "n_obs": 16,
      "coefficients": {
        "auction_type": {
          "estimate": -0.10021481794785306,
          "std_err": 0.05591736677599974,
          "t_value": -1.7921948712160423,
          "p_value": 0.10670009303111523
        },
        "objective": {
          "estimate": -0.16919552364945967,
          "std_err": 0.05591736677599974,
          "t_value": -3.025813506691806,
          "p_value": 0.014343605682168917
        },
        "n_bidders": {
          "estimate": 0.004432793161578706,
          "std_err": 0.055917366775999726,
          "t_value": 0.07927399692006426,
          "p_value": 0.938549351511512
        },
        "auction_type:objective": {
          "estimate": 0.16234817692630663,
          "std_err": 0.05591736677599972,
          "t_value": 2.903358764668941,
          "p_value": 0.01749941472533097
        },
        "auction_type:n_bidders": {
          "estimate": -0.11769858888087305,
          "std_err": 0.05591736677599972,
          "t_value": -2.104866442519794,
          "p_value": 0.06460597950189825
        },
        "objective:n_bidders": {
          "estimate": -0.07836531505476836,
          "std_err": 0.055917366775999726,
          "t_value": -1.4014485941137613,
          "p_value": 0.1946092265988954
        }
      }
    },
    "mean_allocative_efficiency": {
      "r_squared": 0.6705631559338809,
      "adj_r_squared": 0.4509385932231349,
      "f_statistic": 3.05322477439392,
      "f_pvalue": 0.06477860154106226,
      "n_obs": 16,
      "coefficients": {
        "auction_type": {
          "estimate": 0.010374999999999857,
          "std_err": 0.03363635702463763,