{
  "experiment": 4,
  "n_observations": 200,
  "n_factors": 3,
  "factors": [
    "auction_type_coded",
    "objective_coded",
    "n_bidders_coded"
  ],
  "responses": {
    "mean_platform_revenue": {
      "r_squared": 0.7994329851481747,
      "adj_r_squared": 0.7931977411631439,
      "f_statistic": 128.21198129013086,
      "f_pvalue": 1.4363250762286082e-64,
      "n_obs": 200,
      "coefficients": {
        "auction_type": {
          "estimate": 233.83268442073478,
          "std_err": 51.409714965421635,
          "t_value": 4.548414333322243,
          "p_value": 9.535801642719968e-06
        },
        "objective": {
          "estimate": -681.0503037548785,
          "std_err": 51.40971496542164,
          "t_value": -13.247502037561489,
          "p_value": 6.497515508682731e-29
        },
        "n_bidders": {
          "estimate": 1077.3915255885427,
          "std_err": 51.4097149654216,
          "t_value": 20.95696360723262,
          "p_value": 1.2909834074907839e-51
        },
        "auction_type:objective": {
          "estimate": 217.13233027346058,
          "std_err": 51.409714965421635,
          "t_value": 4.223566118184172,
          "p_value": 3.703053255172735e-05
        },
        "auction_type:n_bidders": {
          "estimate": -23.95505350862441,
          "std_err": 51.409714965421614,
          "t_value": -0.4659635542569469,
          "p_value": 0.6417670268180546
        },
        "objective:n_bidders": {
          "estimate": -553.3117262282368,
          "std_err": 51.40971496542164,
          "t_value": -10.762785333480185,
          "p_value": 1.8417463445461247e-21
        }
      }
    },
    "mean_liquid_welfare": {
      "r_squared": 0.22764834562325365,
      "adj_r_squared": 0.20363741336283658,
      "f_statistic": 9.48102902270652,
      "f_pvalue": 3.983700106046023e-09,
      "n_obs": 200,
      "coefficients": {
        "auction_type": {
          "estimate": 47.1524475996565,
          "std_err": 50.710735126014136,
          "t_value": 0.9298316713903785,
          "p_value": 0.3536197801878216
        },
        "objective": {
          "estimate": 118.4566971396404,
          "std_err": 50.71073512601414,
          "t_value": 2.3359294012457177,
          "p_value": 0.020521651077495803
        },
        "n_bidders": {
          "estimate": 358.99721121451137,
          "std_err": 50.7107351260141,
          "t_value": 7.079313883390134,
          "p_value": 2.6210592540289772e-11
        },
        "auction_type:objective": {
          "estimate": -8.79353883073438,
          "std_err": 50.710735126014136,
          "t_value": -0.1734058638448603,
          "p_value": 0.8625141494946448
        },
        "auction_type:n_bidders": {
          "estimate": -28.884506932867048,
          "std_err": 50.710735126014114,
          "t_value": -0.5695935359858267,
          "p_value": 0.5696157748182501
        },
        "objective:n_bidders": {
          "estimate": 15.53351701094106,
          "std_err": 50.71073512601414,
          "t_value": 0.3063161473076833,
          "p_value": 0.7596941354699689
        }
      }
    },
    "mean_effective_poa": {
      "r_squared": 0.8762115773321599,
      "adj_r_squared": 0.8723632325860095,
      "f_statistic": 227.6853128110837,
      "f_pvalue": 1.0268575359932478e-84,
      "n_obs": 200,
      "coefficients": {
        "auction_type": {
          "estimate": 0.003898507428426414,
          "std_err": 0.0022644935181506745,
          "t_value": 1.7215802991611902,
          "p_value": 0.08674786504510579
        },
        "objective": {
          "estimate": -0.023325330210940375,
          "std_err": 0.002264493518150675,
          "t_value": -10.300462343557193,
          "p_value": 4.16630607871627e-20
        },
        "n_bidders": {
          "estimate": 0.07821587793186287,
          "std_err": 0.0022644935181506728,
          "t_value": 34.540120033436374,
          "p_value": 1.4666527360219029e-84
        },
        "auction_type:objective": {
          "estimate": 0.005280476238287911,
          "std_err": 0.0022644935181506745,
          "t_value": 2.331857519557077,
          "p_value": 0.020739773484792418
        },
        "auction_type:n_bidders": {
          "estimate": -0.0035676019288252096,
          "std_err": 0.002264493518150673,
          "t_value": -1.5754524798722922,
          "p_value": 0.11678979184032995
        },
        "objective:n_bidders": {
          "estimate": -0.016962403562024535,
          "std_err": 0.002264493518150675,
          "t_value": -7.490594884050311,
          "p_value": 2.396758462596285e-12
        }
      }
    },
    "mean_budget_utilization": {
      "r_squared": 0.94990389181916,
      "adj_r_squared": 0.9483464998549889,
      "f_statistic": 609.9324471117819,
      "f_pvalue": 1.4734142235656973e-122,
      "n_obs": 200,
      "coefficients": {
        "auction_type": {
          "estimate": 0.05155814275247094,
          "std_err": 0.003407945616290924,
          "t_value": 15.128804434556919,
          "p_value": 1.30318689975621e-34
        },
        "objective": {
          "estimate": -0.15756260453135296,
          "std_err": 0.0034079456162909244,
          "t_value": -46.233896391468235,
          "p_value": 2.362079124078115e-106
        },
        "n_bidders": {
          "estimate": -0.07784890481181717,
          "std_err": 0.003407945616290922,
          "t_value": -22.843353027606394,
          "p_value": 8.963713636428381e-57
        },
        "auction_type:objective": {
          "estimate": 0.05147351590786169,
          "std_err": 0.003407945616290924,
          "t_value": 15.103972217691512,
          "p_value": 1.5487188032851518e-34
        },
        "auction_type:n_bidders": {
          "estimate": -0.015533756386199322,
          "std_err": 0.0034079456162909223,
          "t_value": -4.558099845239218,
          "p_value": 9.14746273591667e-06
        },
        "objective:n_bidders": {
          "estimate": -0.07789342290915971,
          "std_err": 0.0034079456162909244,
          "t_value": -22.856416058051973,
          "p_value": 8.268677557274852e-57
        }
      }
    },
    "mean_bid_to_value": {
      "r_squared": 0.9899263967083959,
      "adj_r_squared": 0.9896132276941492,
      "f_statistic": 3160.9972624187903,
      "f_pvalue": 9.550910012757903e-190,
      "n_obs": 200,
      "coefficients": {
        "auction_type": {
          "estimate": -0.12559530939210534,
          "std_err": 0.0025850426940673306,
          "t_value": -48.58539074822493,
          "p_value": 3.4873258585089645e-110
        },
        "objective": {
          "estimate": -0.22478348142371124,
          "std_err": 0.002585042694067331,
          "t_value": -86.95542318878871,
          "p_value": 9.543958259061064e-157
        },
        "n_bidders": {
          "estimate": 0.17709759231097522,
          "std_err": 0.002585042694067329,
          "t_value": 68.50857539699984,
          "p_value": 2.1671288992219205e-137
        },
        "auction_type:objective": {
          "estimate": 0.08313519888050544,
          "std_err": 0.0025850426940673306,
          "t_value": 32.16008736385693,
          "p_value": 1.8571824079995997e-79
        },
        "auction_type:n_bidders": {
          "estimate": 0.01225251338711828,
          "std_err": 0.0025850426940673293,
          "t_value": 4.7397721574339124,
          "p_value": 4.1445235679977975e-06
        },
        "objective:n_bidders": {
          "estimate": -0.14836515127820543,
          "std_err": 0.002585042694067331,
          "t_value": -57.393694741948835,
          "p_value": 3.0204028363989808e-123
        }
      }
    },
    "mean_allocative_efficiency": {
      "r_squared": 0.8507189598366822,
      "adj_r_squared": 0.8460780984844547,
      "f_statistic": 183.31057432438897,
      "f_pvalue": 6.8233124381348885e-77,
      "n_obs": 200,