{
  "experiment": 4,
  "n_observations": 120,
  "n_factors": 3,
  "factors": [
    "auction_type_coded",
    "objective_coded",
    "n_bidders_coded"
  ],
  "responses": {
    "mean_platform_revenue": {
      "r_squared": 0.8289388207452887,
      "adj_r_squared": 0.8198559262715872,
      "f_statistic": 91.26372910589122,
      "f_pvalue": 5.482937755914448e-41,
      "n_obs": 120,
      "coefficients": {
        "auction_type": {
          "estimate": 290.3642738616819,
          "std_err": 63.89757147158845,
          "t_value": 4.5442145479784015,
          "p_value": 1.3899420700013353e-05
        },
        "objective": {
          "estimate": -739.9910915308042,
          "std_err": 63.89757147158849,
          "t_value": -11.580895400067512,
          "p_value": 6.367116256665782e-21
        },
        "n_bidders": {
          "estimate": 1089.2951726327337,
          "std_err": 63.8975714715885,
          "t_value": 17.04752070455572,
          "p_value": 5.080509253283638e-33
        },
        "auction_type:objective": {
          "estimate": 264.56700619716133,
          "std_err": 63.89757147158853,
          "t_value": 4.140486095231313,
          "p_value": 6.707198749516043e-05
        },
        "auction_type:n_bidders": {
          "estimate": -44.60094819993947,
          "std_err": 63.89757147158853,
          "t_value": -0.6980069378657195,
          "p_value": 0.4866067154046875
        },
        "objective:n_bidders": {
          "estimate": -587.6025312242884,
          "std_err": 63.89757147158852,
          "t_value": -9.196007261176751,
          "p_value": 2.2126439319311e-15
        }
      }
    },
    "mean_liquid_welfare": {
      "r_squared": 0.26127889693514605,
      "adj_r_squared": 0.22205476756887055,
      "f_statistic": 6.661177728008196,
      "f_pvalue": 4.696385816918455e-06,
      "n_obs": 120,
      "coefficients": {
        "auction_type": {
          "estimate": 136.32079343440492,
          "std_err": 64.0867840804515,
          "t_value": 2.127128009158242,
          "p_value": 0.03558438051463179
        },
        "objective": {
          "estimate": 79.46396981290363,
          "std_err": 64.08678408045154,
          "t_value": 1.239943163837778,
          "p_value": 0.2175651240147895
        },
        "n_bidders": {
          "estimate": 365.12836283333047,
          "std_err": 64.08678408045154,
          "t_value": 5.697404980954661,
          "p_value": 9.81057247539085e-08
        },
        "auction_type:objective": {
          "estimate": 49.53430196104033,
          "std_err": 64.08678408045157,
          "t_value": 0.772925380353885,
          "p_value": 0.4411803061538533
        },
        "auction_type:n_bidders": {
          "estimate": -58.983036485335234,
          "std_err": 64.08678408045157,
          "t_value": -0.9203619331450721,
          "p_value": 0.3593442910708523
        },
        "objective:n_bidders": {
          "estimate": 0.35394574970318615,
          "std_err": 64.08678408045157,
          "t_value": 0.005522913261786691,
          "p_value": 0.9956031136442856
        }
      }
    },
    "mean_effective_poa": {
      "r_squared": 0.8680880243004203,
      "adj_r_squared": 0.8610838485995577,
      "f_statistic": 123.9386419437631,
      "f_pvalue": 2.519273326941229e-47,
      "n_obs": 120,
      "coefficients": {
        "auction_type": {
          "estimate": 0.003202777261299127,
          "std_err": 0.003059123151809345,
          "t_value": 1.0469592436658905,
          "p_value": 0.2973526538143443
        },
        "objective": {
          "estimate": -0.027144575270342128,
          "std_err": 0.003059123151809347,
          "t_value": -8.873318896719542,
          "p_value": 1.2264345439421463e-14
        },
        "n_bidders": {
          "estimate": 0.07653325006033057,
          "std_err": 0.0030591231518093476,
          "t_value": 25.01803499315294,
          "p_value": 6.816698131029318e-48
        },
        "auction_type:objective": {
          "estimate": 0.004213677233489051,
          "std_err": 0.003059123151809349,
          "t_value": 1.377413403901974,
          "p_value": 0.17110663359912429
        },
        "auction_type:n_bidders": {
          "estimate": -0.0007712110053967568,
          "std_err": 0.003059123151809349,
          "t_value": -0.25210198057590993,
          "p_value": 0.8014201996955292
        },
        "objective:n_bidders": {
          "estimate": -0.018338682134077564,
          "std_err": 0.0030591231518093485,
          "t_value": -5.994751183269941,
          "p_value": 2.49046875621473e-08
        }
      }
    },
    "mean_budget_utilization": {
      "r_squared": 0.948323184515659,
      "adj_r_squared": 0.9455792828085259,
      "f_statistic": 345.6112083207506,
      "f_pvalue": 3.0320689957539996e-70,
      "n_obs": 120,
      "coefficients": {
        "auction_type": {
          "estimate": 0.04930882062856684,
          "std_err": 0.004557165629269032,
          "t_value": 10.820063311255149,
          "p_value": 3.724013046180539e-19
        },
        "objective": {
          "estimate": -0.15936924624723126,
          "std_err": 0.004557165629269035,
          "t_value": -34.971133202545886,
          "p_value": 1.9253677044944181e-62
        },
        "n_bidders": {
          "estimate": -0.07933267751521707,
          "std_err": 0.0045571656292690355,
          "t_value": -17.408337543338742,
          "p_value": 9.10029636018711e-34
        },
        "auction_type:objective": {
          "estimate": 0.049228704278827,
          "std_err": 0.004557165629269037,
          "t_value": 10.802483008879186,
          "p_value": 4.0918702842193157e-19
        },
        "auction_type:n_bidders": {
          "estimate": -0.014774266770257286,
          "std_err": 0.004557165629269037,
          "t_value": -3.2419859123327623,
          "p_value": 0.0015603373295040692
        },
        "objective:n_bidders": {
          "estimate": -0.07937308334584046,
          "std_err": 0.004557165629269037,
          "t_value": -17.417203982241872,
          "p_value": 8.72554672508105e-34
        }
      }
    },
    "mean_bid_to_value": {
      "r_squared": 0.9902087880537657,
      "adj_r_squared": 0.9896889006937886,
      "f_statistic": 1904.6602481304549,
      "f_pvalue": 5.00790582894508e-111,
      "n_obs": 120,
      "coefficients": {
        "auction_type": {
          "estimate": -0.12376328006811198,
          "std_err": 0.0033442740152177563,
          "t_value": -37.0075177766357,
          "p_value": 5.347404002323945e-65
        },
        "objective": {
          "estimate": -0.22475970116742974,
          "std_err": 0.003344274015217758,
          "t_value": -67.20732217057723,
          "p_value": 5.946333596037393e-93
        },
        "n_bidders": {
          "estimate": 0.17987082396658094,
          "std_err": 0.003344274015217759,
          "t_value": 53.78471475366496,
          "p_value": 2.381427726991423e-82
        },
        "auction_type:objective": {
          "estimate": 0.07969430595307758,
          "std_err": 0.0033442740152177606,
          "t_value": 23.830076599715568,
          "p_value": 6.979303248312546e-46
        },
        "auction_type:n_bidders": {
          "estimate": 0.010399754885455435,
          "std_err": 0.0033442740152177606,
          "t_value": 3.109719729344086,
          "p_value": 0.0023703403030632137
        },
        "objective:n_bidders": {
          "estimate": -0.15220093850177976,
          "std_err": 0.0033442740152177597,
          "t_value": -45.510905448897354,
          "p_value": 1.637581300486266e-74
        }
      }
    },
    "mean_allocative_efficiency": {
      "r_squared": 0.8555406703104198,
      "adj_r_squared": 0.8478702634242474,
      "f_statistic": 111.53784707988837,
      "f_pvalue": 4.1538583500358195e-45,
      "n_obs": 120,