{
  "experiment": 4,
  "n_observations": 400,
  "n_factors": 3,
  "factors": [
    "auction_type_coded",
    "objective_coded",
    "n_bidders_coded"
  ],
  "responses": {
    "mean_platform_revenue": {
      "r_squared": 0.8077189950419577,
      "adj_r_squared": 0.8047834071800029,
      "f_statistic": 275.1472730589938,
      "f_pvalue": 2.519790671246036e-137,
      "n_obs": 400,
      "coefficients": {
        "auction_type": {
          "estimate": 223.27190706775673,
          "std_err": 34.11705560458383,
          "t_value": 6.544290036498894,
          "p_value": 1.8683771135950306e-10
        },
        "objective": {
          "estimate": -699.7996223610471,
          "std_err": 34.117055604583896,
          "t_value": -20.5117238272761,
          "p_value": 4.31868048799046e-64
        },
        "n_bidders": {
          "estimate": 1040.7327790052943,
          "std_err": 34.11705560458388,
          "t_value": 30.504765448325035,
          "p_value": 1.1409350876203238e-105
        },
        "auction_type:objective": {
          "estimate": 195.27990532487286,
          "std_err": 34.117055604583875,
          "t_value": 5.723820589565636,
          "p_value": 2.0694991820800993e-08
        },
        "auction_type:n_bidders": {
          "estimate": 23.797278711114814,
          "std_err": 34.117055604583925,
          "t_value": 0.6975185369723829,
          "p_value": 0.4858907812804921
        },
        "objective:n_bidders": {
          "estimate": -510.0878881475875,
          "std_err": 34.117055604583896,
          "t_value": -14.95111108237175,
          "p_value": 2.4785751633251886e-40
        }
      }
    },
    "mean_liquid_welfare": {
      "r_squared": 0.21816502919407044,
      "adj_r_squared": 0.20622861742604093,
      "f_statistic": 18.277270710315523,
      "f_pvalue": 9.610356536667976e-19,
      "n_obs": 400,
      "coefficients": {
        "auction_type": {
          "estimate": 15.999418589002289,
          "std_err": 34.19028495873665,
          "t_value": 0.46795218607600275,
          "p_value": 0.6400781816635044
        },
        "objective": {
          "estimate": 84.59886696404863,
          "std_err": 34.19028495873671,
          "t_value": 2.4743539594989805,
          "p_value": 0.013769070512898555
        },
        "n_bidders": {
          "estimate": 342.666883232134,
          "std_err": 34.1902849587367,
          "t_value": 10.022346512925795,
          "p_value": 3.328273323867088e-21
        },
        "auction_type:objective": {
          "estimate": -11.958022280375644,
          "std_err": 34.19028495873669,
          "t_value": -0.34974912595222446,
          "p_value": 0.7267143293676507
        },
        "auction_type:n_bidders": {
          "estimate": 4.396845998338904,
          "std_err": 34.19028495873674,
          "t_value": 0.12859927911233643,
          "p_value": 0.897740520452984
        },
        "objective:n_bidders": {
          "estimate": 56.55289810198275,
          "std_err": 34.19028495873671,
          "t_value": 1.6540633741495527,
          "p_value": 0.09891307965774139
        }
      }
    },
    "mean_effective_poa": {
      "r_squared": 0.8707753888338077,
      "adj_r_squared": 0.8688024940068428,
      "f_statistic": 441.369391278432,
      "f_pvalue": 3.565340857911506e-171,
      "n_obs": 400,
      "coefficients": {
        "auction_type": {
          "estimate": 0.005185939794095873,
          "std_err": 0.0015950470786248291,
          "t_value": 3.2512769457356296,
          "p_value": 0.0012479957982412127
        },
        "objective": {
          "estimate": -0.023872231685867412,
          "std_err": 0.0015950470786248322,
          "t_value": -14.966474661330263,
          "p_value": 2.139554849904675e-40
        },
        "n_bidders": {
          "estimate": 0.07644716738252608,
          "std_err": 0.0015950470786248315,
          "t_value": 47.92784389062355,
          "p_value": 3.0754300278961124e-166
        },
        "auction_type:objective": {
          "estimate": 0.004783137442467167,
          "std_err": 0.001595047078624831,
          "t_value": 2.998743740273137,
          "p_value": 0.0028833638686181625
        },
        "auction_type:n_bidders": {
          "estimate": -0.0015946859737480668,
          "std_err": 0.0015950470786248337,
          "t_value": -0.9997736086403931,
          "p_value": 0.3180352509250906
        },
        "objective:n_bidders": {
          "estimate": -0.016466877842042843,
          "std_err": 0.0015950470786248322,
          "t_value": -10.323756623058262,
          "p_value": 2.8722455189294714e-22
        }
      }
    },
    "mean_budget_utilization": {
      "r_squared": 0.9512938748148752,
      "adj_r_squared": 0.9505502698502167,
      "f_statistic": 1279.3000585356392,
      "f_pvalue": 2.2873139983079987e-254,
      "n_obs": 400,
      "coefficients": {
        "auction_type": {
          "estimate": 0.052151693827008294,
          "std_err": 0.0023652818973891442,
          "t_value": 22.048828042261942,
          "p_value": 1.051744989681859e-70
        },
        "objective": {
          "estimate": -0.15801854832899415,
          "std_err": 0.0023652818973891486,
          "t_value": -66.8074906857481,
          "p_value": 1.1556856446232797e-216
        },
        "n_bidders": {
          "estimate": -0.0783267834375499,
          "std_err": 0.0023652818973891477,
          "t_value": -33.11520014760558,
          "p_value": 9.111445736166383e-116
        },
        "auction_type:objective": {
          "estimate": 0.052069288919893666,
          "std_err": 0.0023652818973891473,
          "t_value": 22.01398868243525,
          "p_value": 1.483743348691048e-70
        },
        "auction_type:n_bidders": {
          "estimate": -0.016277995599541434,
          "std_err": 0.0023652818973891507,
          "t_value": -6.882053093759961,
          "p_value": 2.3406781792203057e-11
        },
        "objective:n_bidders": {
          "estimate": -0.07836953469896776,
          "std_err": 0.0023652818973891486,
          "t_value": -33.13327463651323,
          "p_value": 7.779547395357446e-116
        }
      }
    },
    "mean_bid_to_value": {
      "r_squared": 0.9885024971551553,
      "adj_r_squared": 0.9883269627605775,
      "f_statistic": 5631.389218807094,
      "f_pvalue": 0.0,
      "n_obs": 400,
      "coefficients": {
        "auction_type": {
          "estimate": -0.1270943316438483,
          "std_err": 0.001959512206314036,
          "t_value": -64.86018879306735,
          "p_value": 4.930295063667923e-212
        },
        "objective": {
          "estimate": -0.22572755240084233,
          "std_err": 0.0019595122063140393,
          "t_value": -115.19578784632809,
          "p_value": 5.938433452295436e-305
        },
        "n_bidders": {
          "estimate": 0.1801573445454438,
          "std_err": 0.001959512206314039,
          "t_value": 91.93989400266645,
          "p_value": 7.536802174024345e-268
        },
        "auction_type:objective": {
          "estimate": 0.08455076599414785,
          "std_err": 0.0019595122063140384,
          "t_value": 43.148884565099486,
          "p_value": 3.6077682682732405e-151
        },
        "auction_type:n_bidders": {
          "estimate": 0.008774926986482356,
          "std_err": 0.0019595122063140414,
          "t_value": 4.478118053160033,
          "p_value": 9.882979092491296e-06
        },
        "objective:n_bidders": {
          "estimate": -0.15148686858464416,
          "std_err": 0.0019595122063140393,
          "t_value": -77.30845875647803,
          "p_value": 8.097490355795817e-240
        }
      }
    },
    "mean_allocative_efficiency": {
      "r_squared": 0.8563546372266736,
      "adj_r_squared": 0.854161578253035,
      "f_statistic": 390.48408981262804,
      "f_pvalue": 3.6825112599229336e-162,
      "n_obs": 400,