{
  "platform_revenue": {
    "coefficients": {
      "const": {
        "estimate": 2056.9342306486287,
        "std_err": NaN,
        "t_value": NaN,
        "p_value": NaN
      },
      "FPA": {
        "estimate": 168895075803.5703,
        "std_err": NaN,
        "t_value": NaN,
        "p_value": NaN
      },
      "UtilityMax": {
        "estimate": 423213487304.71875,
        "std_err": NaN,
        "t_value": NaN,
        "p_value": NaN
      },
      "N4": {
        "estimate": -1390281254503.5469,
        "std_err": NaN,
        "t_value": NaN,
        "p_value": NaN
      },
      "FPA_x_UtilityMax": {
        "estimate": -880406448255.75,
        "std_err": NaN,
        "t_value": NaN,
        "p_value": NaN
      },
      "FPA_x_N4": {
        "estimate": 2284961803946.4688,
        "std_err": NaN,
        "t_value": NaN,
        "p_value": NaN
      },
      "UtilityMax_x_N4": {
        "estimate": 1397956538496.625,
        "std_err": 1.2573785699885554e+19,
        "t_value": 1.1118024212145982e-07,
        "p_value": 0.9999999112910013
      },
      "FPA_x_UtilityMax_x_N4": {
        "estimate": -2655705848454.5312,
        "std_err": NaN,
        "t_value": NaN,
        "p_value": NaN
      }
    },
    "r_squared": 0.9998786186973739,
    "adj_r_squared": 0.9998772582721002,
    "n_obs": 36000,
    "n_seeds": 400
  },
  "liquid_welfare": {
    "coefficients": {
      "const": {
        "estimate": 2387.372444919939,
        "std_err": NaN,
        "t_value": NaN,
        "p_value": NaN
      },
      "FPA": {
        "estimate": -1661885653897.9297,
        "std_err": NaN,
        "t_value": NaN,
        "p_value": NaN
      },
      "UtilityMax": {
        "estimate": -2846787969235.1562,
        "std_err": NaN,
        "t_value": NaN,
        "p_value": NaN
      },
      "N4": {
        "estimate": -5671692272822.3125,
        "std_err": NaN,
        "t_value": NaN,
        "p_value": NaN
      },
      "FPA_x_UtilityMax": {
        "estimate": 4950855949959.4375,
        "std_err": NaN,
        "t_value": NaN,
        "p_value": NaN
      },
      "FPA_x_N4": {
        "estimate": 8384101266760.375,
        "std_err": 5.831756899904362e+18,
        "t_value": 1.4376630251679163e-06,
        "p_value": 0.9999988529108685
      },
      "UtilityMax_x_N4": {
        "estimate": 10984731279506.781,
        "std_err": 3.3221307976424534e+19,
        "t_value": 3.306531846157919e-07,
        "p_value": 0.999999736176929
      },
      "FPA_x_UtilityMax_x_N4": {
        "estimate": -16807241902310.656,
        "std_err": NaN,
        "t_value": NaN,
        "p_value": NaN
      }
    },
    "r_squared": 0.9983164802827437,
    "adj_r_squared": 0.998297611620744,
    "n_obs": 36000,
    "n_seeds": 400
  },
  "effective_poa": {
    "coefficients": {
      "const": {
        "estimate": 0.8618069523724415,
        "std_err": NaN,
        "t_value": NaN,
        "p_value": NaN
      },
      "FPA": {
        "estimate": 653886322.1283035,
        "std_err": 3374455227234867.5,
        "t_value": 1.9377537353314303e-07,
        "p_value": 0.9999998453896212
      },
      "UtilityMax": {
        "estimate": 842618049.2306671,
        "std_err": NaN,
        "t_value": NaN,
        "p_value": NaN
      },
      "N4": {
        "estimate": 1907461076.4953842,
        "std_err": NaN,
        "t_value": NaN,
        "p_value": NaN
      },
      "FPA_x_UtilityMax": {
        "estimate": -1619977899.2736816,
        "std_err": NaN,
        "t_value": NaN,
        "p_value": NaN
      },
      "FPA_x_N4": {
        "estimate": -3136077111.860916,
        "std_err": NaN,
        "t_value": NaN,
        "p_value": NaN
      },
      "UtilityMax_x_N4": {
        "estimate": -3540770235.7448273,
        "std_err": NaN,
        "t_value": NaN,
        "p_value": NaN
      },
      "FPA_x_UtilityMax_x_N4": {
        "estimate": 5793988231.721634,
        "std_err": NaN,
        "t_value": NaN,
        "p_value": NaN
      }
    },
    "r_squared": 0.9928164649114373,
    "adj_r_squared": 0.9927359528187312,
    "n_obs": 36000,
    "n_seeds": 400
  },
  "budget_utilization": {
    "coefficients": {
      "const": {
        "estimate": 0.9997904862948359,
        "std_err": 619.7993091216772,
        "t_value": 0.0016130874487608696,
        "p_value": 0.9987129429875735
      },
      "FPA": {
        "estimate": 79508752.96780396,
        "std_err": NaN,
        "t_value": NaN,
        "p_value": NaN
      },
      "UtilityMax": {
        "estimate": 156181037.10935974,
        "std_err": NaN,
        "t_value": NaN,
        "p_value": NaN
      },
      "N4": {
        "estimate": -736751224.880661,
        "std_err": NaN,
        "t_value": NaN,
        "p_value": NaN
      },
      "FPA_x_UtilityMax": {
        "estimate": -398819920.57751465,
        "std_err": NaN,
        "t_value": NaN,
        "p_value": NaN
      },
      "FPA_x_N4": {
        "estimate": 1027617521.9897614,
        "std_err": NaN,
        "t_value": NaN,
        "p_value": NaN
      },
      "UtilityMax_x_N4": {
        "estimate": 824758813.087326,
        "std_err": NaN,
        "t_value": NaN,
        "p_value": NaN
      },
      "FPA_x_UtilityMax_x_N4": {
        "estimate": -1270200957.9245453,
        "std_err": 3455404284826058.5,
        "t_value": -3.6759836280300436e-07,
        "p_value": 0.9999997066989418
      }
    },
    "r_squared": 0.99939538561793,
    "adj_r_squared": 0.9993886091814568,
    "n_obs": 36000,
    "n_seeds": 400
  },
  "bid_to_value": {
    "coefficients": {
      "const": {
        "estimate": 1.226419481857679,
        "std_err": 214.067993431827,
        "t_value": 0.005729111868600057,
        "p_value": 0.9954288550991822
      },
      "FPA": {
        "estimate": -803515376.1263962,
        "std_err": NaN,
        "t_value": NaN,
        "p_value": NaN
      },
      "UtilityMax": {
        "estimate": -1536132510.6566162,
        "std_err": NaN,
        "t_value": NaN,
        "p_value": NaN
      },
      "N4": {
        "estimate": 3249959491.1721344,
        "std_err": NaN,
        "t_value": NaN,
        "p_value": NaN
      },
      "FPA_x_UtilityMax": {
        "estimate": 3357983633.7046814,
        "std_err": NaN,
        "t_value": NaN,
        "p_value": NaN
      },
      "FPA_x_N4": {
        "estimate": -4684381093.258026,
        "std_err": NaN,
        "t_value": NaN,
        "p_value": NaN
      },
      "UtilityMax_x_N4": {
        "estimate": -2661947823.418091,
        "std_err": NaN,
        "t_value": NaN,
        "p_value": NaN
      },
      "FPA_x_UtilityMax_x_N4": {
        "estimate": 4479403744.293655,
        "std_err": 6665862603782423.0,
        "t_value": 6.719916101708876e-07,
        "p_value": 0.9999994638282692
      }
    },
    "r_squared": 0.9993955478260852,
    "adj_r_squared": 0.9993887732076191,
    "n_obs": 36000,
    "n_seeds": 400
  },
  "allocative_efficiency": {
    "coefficients": {
      "const": {
        "estimate": 0.8592595220271293,
        "std_err": NaN,
        "t_value": NaN,
        "p_value": NaN
      },
      "FPA": {
        "estimate": 1725163018.4021988,
        "std_err": NaN,
        "t_value": NaN,
        "p_value": NaN
      },
      "UtilityMax": {
        "estimate": -1951197952.769867,
        "std_err": 4715798091635994.0,
        "t_value": -4.1375773832016667e-07,
        "p_value": 0.9999996698690887
      },
      "N4": {
        "estimate": 1988452934.4642944,
        "std_err": 6101597699837668.0,
        "t_value": 3.258905342968116e-07,
        "p_value": 0.9999997399769742
      },
      "FPA_x_UtilityMax": {
        "estimate": 2022566497.4927673,
        "std_err": NaN,
        "t_value": NaN,
        "p_value": NaN
      },
      "FPA_x_N4": {
        "estimate": -4129347705.922104,
        "std_err": 4489618589801545.0,
        "t_value": -9.197546792286945e-07,
        "p_value": 0.9999992661419417
      },