{
  "platform_revenue": {
    "coefficients": {
      "const": {
        "estimate": 2078.603405872782,
        "std_err": 381762.62150475907,
        "t_value": 0.005444753594995077,
        "p_value": 0.9956557366337168
      },
      "FPA": {
        "estimate": 326281782605.7969,
        "std_err": 2.686124383612891e+18,
        "t_value": 1.214693498917356e-07,
        "p_value": 0.9999999030814811
      },
      "UtilityMax": {
        "estimate": -641093491790.625,
        "std_err": 4.997503762536664e+18,
        "t_value": -1.282827431960181e-07,
        "p_value": 0.9999998976451798
      },
      "N4": {
        "estimate": -245102023383.5,
        "std_err": NaN,
        "t_value": NaN,
        "p_value": NaN
      },
      "FPA_x_UtilityMax": {
        "estimate": 713607745845.125,
        "std_err": 1.043391883116925e+19,
        "t_value": 6.839307046489228e-08,
        "p_value": 0.999999945430225
      },
      "FPA_x_N4": {
        "estimate": 249039219942.125,
        "std_err": 6.437474095370242e+18,
        "t_value": 3.868585974135899e-08,
        "p_value": 0.9999999691331498
      },
      "UtilityMax_x_N4": {
        "estimate": 1201389054375.5,
        "std_err": 8.548271327470678e+18,
        "t_value": 1.4054175497620467e-07,
        "p_value": 0.9999998878639036
      },
      "FPA_x_UtilityMax_x_N4": {
        "estimate": -2020301682010.5,
        "std_err": 1.476802683379347e+19,
        "t_value": -1.368024113680151e-07,
        "p_value": 0.9999998908474681
      }
    },
    "r_squared": 0.9998986814763007,
    "adj_r_squared": 0.9998975487579739,
    "n_obs": 18000,
    "n_seeds": 200
  },
  "liquid_welfare": {
    "coefficients": {
      "const": {
        "estimate": 2401.767021280042,
        "std_err": NaN,
        "t_value": NaN,
        "p_value": NaN
      },
      "FPA": {
        "estimate": 3512847323526.8594,
        "std_err": NaN,
        "t_value": NaN,
        "p_value": NaN
      },
      "UtilityMax": {
        "estimate": 2820284297534.6875,
        "std_err": NaN,
        "t_value": NaN,
        "p_value": NaN
      },
      "N4": {
        "estimate": -25246754254719.625,
        "std_err": NaN,
        "t_value": NaN,
        "p_value": NaN
      },
      "FPA_x_UtilityMax": {
        "estimate": -11311752146680.625,
        "std_err": NaN,
        "t_value": NaN,
        "p_value": NaN
      },
      "FPA_x_N4": {
        "estimate": 24905102313582.625,
        "std_err": NaN,
        "t_value": NaN,
        "p_value": NaN
      },
      "UtilityMax_x_N4": {
        "estimate": 18255315677411.125,
        "std_err": NaN,
        "t_value": NaN,
        "p_value": NaN
      },
      "FPA_x_UtilityMax_x_N4": {
        "estimate": -8636411428130.5,
        "std_err": NaN,
        "t_value": NaN,
        "p_value": NaN
      }
    },
    "r_squared": 0.9985188779598696,
    "adj_r_squared": 0.9985023193482974,
    "n_obs": 18000,
    "n_seeds": 200
  },
  "effective_poa": {
    "coefficients": {
      "const": {
        "estimate": 0.8657004150657949,
        "std_err": 624.7429827464833,
        "t_value": 0.0013856904982910236,
        "p_value": 0.9988943792991865
      },
      "FPA": {
        "estimate": -1333940025.480194,
        "std_err": NaN,
        "t_value": NaN,
        "p_value": NaN
      },
      "UtilityMax": {
        "estimate": -1271908059.542633,
        "std_err": 7121937898319235.0,
        "t_value": -1.785901643206972e-07,
        "p_value": 0.9999998575056652
      },
      "N4": {
        "estimate": 9080363114.179993,
        "std_err": 1.4952259149510526e+16,
        "t_value": 6.072903782220258e-07,
        "p_value": 0.9999995154523833
      },
      "FPA_x_UtilityMax": {
        "estimate": 4564108333.181702,
        "std_err": 1.2405587657114856e+16,
        "t_value": 3.679074671294667e-07,
        "p_value": 0.9999997064523122
      },
      "FPA_x_N4": {
        "estimate": -8772585215.170074,
        "std_err": 9317366691963666.0,
        "t_value": -9.415305316615399e-07,
        "p_value": 0.9999992487673253
      },
      "UtilityMax_x_N4": {
        "estimate": -6182203527.38678,
        "std_err": NaN,
        "t_value": NaN,
        "p_value": NaN
      },
      "FPA_x_UtilityMax_x_N4": {
        "estimate": 2206886957.128784,
        "std_err": 6131480930721929.0,
        "t_value": 3.5992723162052504e-07,
        "p_value": 0.9999997128196189
      }
    },
    "r_squared": 0.9953251149411423,
    "adj_r_squared": 0.9952728507767202,
    "n_obs": 18000,
    "n_seeds": 200
  },
  "budget_utilization": {
    "coefficients": {
      "const": {
        "estimate": 0.9997658082037828,
        "std_err": NaN,
        "t_value": NaN,
        "p_value": NaN
      },
      "FPA": {
        "estimate": 117415560.90531921,
        "std_err": NaN,
        "t_value": NaN,
        "p_value": NaN
      },
      "UtilityMax": {
        "estimate": -240381344.1218567,
        "std_err": NaN,
        "t_value": NaN,
        "p_value": NaN
      },
      "N4": {
        "estimate": -150089515.83493042,
        "std_err": NaN,
        "t_value": NaN,
        "p_value": NaN
      },
      "FPA_x_UtilityMax": {
        "estimate": 264967271.4147339,
        "std_err": NaN,
        "t_value": NaN,
        "p_value": NaN
      },
      "FPA_x_N4": {
        "estimate": 166628313.98062134,
        "std_err": NaN,
        "t_value": NaN,
        "p_value": NaN
      },
      "UtilityMax_x_N4": {
        "estimate": 501545837.4631958,
        "std_err": NaN,
        "t_value": NaN,
        "p_value": NaN
      },
      "FPA_x_UtilityMax_x_N4": {
        "estimate": -809535202.6502686,
        "std_err": NaN,
        "t_value": NaN,
        "p_value": NaN
      }
    },
    "r_squared": 0.9994305243142583,
    "adj_r_squared": 0.9994241577040638,
    "n_obs": 18000,
    "n_seeds": 200
  },
  "bid_to_value": {
    "coefficients": {
      "const": {
        "estimate": 1.2205057281737535,
        "std_err": 679.1740190541125,
        "t_value": 0.001797044194761094,
        "p_value": 0.9985661669536487
      },
      "FPA": {
        "estimate": -4223619723.770996,
        "std_err": NaN,
        "t_value": NaN,
        "p_value": NaN
      },
      "UtilityMax": {
        "estimate": -3047693985.588257,
        "std_err": 3734104396256658.0,
        "t_value": -8.161780341876597e-07,
        "p_value": 0.9999993487841476
      },
      "N4": {
        "estimate": 10478584069.621094,
        "std_err": 1.731390178718504e+16,
        "t_value": 6.052121698747802e-07,
        "p_value": 0.9999995171105537
      },
      "FPA_x_UtilityMax": {
        "estimate": 10502273105.61853,
        "std_err": NaN,
        "t_value": NaN,
        "p_value": NaN
      },
      "FPA_x_N4": {
        "estimate": -6749161016.678467,
        "std_err": 1.901303722901029e+16,
        "t_value": -3.549754274072807e-07,
        "p_value": 0.999999716770587
      },
      "UtilityMax_x_N4": {
        "estimate": -4916447529.948853,
        "std_err": NaN,
        "t_value": NaN,
        "p_value": NaN
      },
      "FPA_x_UtilityMax_x_N4": {
        "estimate": -4855102863.747437,
        "std_err": 4.3644349844400744e+16,
        "t_value": -1.1124241467811237e-07,
        "p_value": 0.9999999112413949
      }
    },
    "r_squared": 0.9993724202408336,
    "adj_r_squared": 0.9993654040401553,
    "n_obs": 18000,
    "n_seeds": 200
  },
  "allocative_efficiency": {
    "coefficients": {
      "const": {
        "estimate": 0.8804533179543191,
        "std_err": NaN,
        "t_value": NaN,
        "p_value": NaN
      },
      "FPA": {
        "estimate": 1020378261.7781143,
        "std_err": 2180975435165600.2,
        "t_value": 4.678540827767909e-07,
        "p_value": 0.9999996267064506
      },
      "UtilityMax": {
        "estimate": 995021495.4437408,
        "std_err": NaN,
        "t_value": NaN,
        "p_value": NaN
      },
      "N4": {
        "estimate": -13148282134.46605,